<?xml version="1.0" encoding="UTF-8"?>
<GenRun Id="impl_1" LaunchPart="xc7a100tcsg324-1" LaunchTime="1602184517">
  <File Type="BITSTR-BMM" Name="ARTY_ADDER_bd.bmm"/>
  <File Type="OPT-METHODOLOGY-DRC" Name="ARTY_ADDER_methodology_drc_opted.rpt"/>
  <File Type="INIT-TIMING" Name="ARTY_ADDER_timing_summary_init.rpt"/>
  <File Type="ROUTE-PWR" Name="ARTY_ADDER_power_routed.rpt"/>
  <File Type="PA-TCL" Name="ARTY_ADDER.tcl"/>
  <File Type="OPT-TIMING" Name="ARTY_ADDER_timing_summary_opted.rpt"/>
  <File Type="OPT-DCP" Name="ARTY_ADDER_opt.dcp"/>
  <File Type="ROUTE-PWR-SUM" Name="ARTY_ADDER_power_summary_routed.pb"/>
  <File Type="REPORTS-TCL" Name="ARTY_ADDER_reports.tcl"/>
  <File Type="OPT-DRC" Name="ARTY_ADDER_drc_opted.rpt"/>
  <File Type="OPT-HWDEF" Name="ARTY_ADDER.hwdef"/>
  <File Type="PWROPT-DCP" Name="ARTY_ADDER_pwropt.dcp"/>
  <File Type="PWROPT-DRC" Name="ARTY_ADDER_drc_pwropted.rpt"/>
  <File Type="PWROPT-TIMING" Name="ARTY_ADDER_timing_summary_pwropted.rpt"/>
  <File Type="PLACE-DCP" Name="ARTY_ADDER_placed.dcp"/>
  <File Type="PLACE-IO" Name="ARTY_ADDER_io_placed.rpt"/>
  <File Type="PLACE-CLK" Name="ARTY_ADDER_clock_utilization_placed.rpt"/>
  <File Type="PLACE-UTIL" Name="ARTY_ADDER_utilization_placed.rpt"/>
  <File Type="PLACE-UTIL-PB" Name="ARTY_ADDER_utilization_placed.pb"/>
  <File Type="PLACE-CTRL" Name="ARTY_ADDER_control_sets_placed.rpt"/>
  <File Type="PLACE-SIMILARITY" Name="ARTY_ADDER_incremental_reuse_placed.rpt"/>
  <File Type="PLACE-PRE-SIMILARITY" Name="ARTY_ADDER_incremental_reuse_pre_placed.rpt"/>
  <File Type="PLACE-TIMING" Name="ARTY_ADDER_timing_summary_placed.rpt"/>
  <File Type="POSTPLACE-PWROPT-DCP" Name="ARTY_ADDER_postplace_pwropt.dcp"/>
  <File Type="BG-BIN" Name="ARTY_ADDER.bin"/>
  <File Type="POSTPLACE-PWROPT-TIMING" Name="ARTY_ADDER_timing_summary_postplace_pwropted.rpt"/>
  <File Type="PHYSOPT-DCP" Name="ARTY_ADDER_physopt.dcp"/>
  <File Type="PHYSOPT-DRC" Name="ARTY_ADDER_drc_physopted.rpt"/>
  <File Type="BITSTR-MSK" Name="ARTY_ADDER.msk"/>
  <File Type="PHYSOPT-TIMING" Name="ARTY_ADDER_timing_summary_physopted.rpt"/>
  <File Type="ROUTE-ERROR-DCP" Name="ARTY_ADDER_routed_error.dcp"/>
  <File Type="ROUTE-DCP" Name="ARTY_ADDER_routed.dcp"/>
  <File Type="ROUTE-BLACKBOX-DCP" Name="ARTY_ADDER_routed_bb.dcp"/>
  <File Type="ROUTE-DRC" Name="ARTY_ADDER_drc_routed.rpt"/>
  <File Type="ROUTE-DRC-PB" Name="ARTY_ADDER_drc_routed.pb"/>
  <File Type="ROUTE-DRC-RPX" Name="ARTY_ADDER_drc_routed.rpx"/>
  <File Type="BITSTR-MMI" Name="ARTY_ADDER.mmi"/>
  <File Type="ROUTE-METHODOLOGY-DRC" Name="ARTY_ADDER_methodology_drc_routed.rpt"/>
  <File Type="ROUTE-METHODOLOGY-DRC-RPX" Name="ARTY_ADDER_methodology_drc_routed.rpx"/>
  <File Type="ROUTE-METHODOLOGY-DRC-PB" Name="ARTY_ADDER_methodology_drc_routed.pb"/>
  <File Type="ROUTE-PWR-RPX" Name="ARTY_ADDER_power_routed.rpx"/>
  <File Type="ROUTE-STATUS" Name="ARTY_ADDER_route_status.rpt"/>
  <File Type="ROUTE-STATUS-PB" Name="ARTY_ADDER_route_status.pb"/>
  <File Type="ROUTE-TIMINGSUMMARY" Name="ARTY_ADDER_timing_summary_routed.rpt"/>
  <File Type="ROUTE-TIMING-PB" Name="ARTY_ADDER_timing_summary_routed.pb"/>
  <File Type="ROUTE-TIMING-RPX" Name="ARTY_ADDER_timing_summary_routed.rpx"/>
  <File Type="ROUTE-SIMILARITY" Name="ARTY_ADDER_incremental_reuse_routed.rpt"/>
  <File Type="ROUTE-CLK" Name="ARTY_ADDER_clock_utilization_routed.rpt"/>
  <File Type="ROUTE-BUS-SKEW" Name="ARTY_ADDER_bus_skew_routed.rpt"/>
  <File Type="ROUTE-BUS-SKEW-PB" Name="ARTY_ADDER_bus_skew_routed.pb"/>
  <File Type="ROUTE-BUS-SKEW-RPX" Name="ARTY_ADDER_bus_skew_routed.rpx"/>
  <File Type="POSTROUTE-PHYSOPT-DCP" Name="ARTY_ADDER_postroute_physopt.dcp"/>
  <File Type="POSTROUTE-PHYSOPT-BLACKBOX-DCP" Name="ARTY_ADDER_postroute_physopt_bb.dcp"/>
  <File Type="POSTROUTE-PHYSOPT-TIMING" Name="ARTY_ADDER_timing_summary_postroute_physopted.rpt"/>
  <File Type="POSTROUTE-PHYSOPT-TIMING-PB" Name="ARTY_ADDER_timing_summary_postroute_physopted.pb"/>
  <File Type="POSTROUTE-PHYSOPT-TIMING-RPX" Name="ARTY_ADDER_timing_summary_postroute_physopted.rpx"/>
  <File Type="POSTROUTE-PHYSOPT-BUS-SKEW" Name="ARTY_ADDER_bus_skew_postroute_physopted.rpt"/>
  <File Type="POSTROUTE-PHYSOPT-BUS-SKEW-PB" Name="ARTY_ADDER_bus_skew_postroute_physopted.pb"/>
  <File Type="BG-BIT" Name="ARTY_ADDER.bit"/>
  <File Type="POSTROUTE-PHYSOPT-BUS-SKEW-RPX" Name="ARTY_ADDER_bus_skew_postroute_physopted.rpx"/>
  <File Type="BITSTR-RBT" Name="ARTY_ADDER.rbt"/>
  <File Type="BITSTR-NKY" Name="ARTY_ADDER.nky"/>
  <File Type="PDI-FILE" Name="ARTY_ADDER.pdi"/>
  <File Type="RCFI_FILE" Name="ARTY_ADDER.rcfi"/>
  <File Type="CFI_FILE" Name="ARTY_ADDER.cfi"/>
  <File Type="RNPI_FILE" Name="ARTY_ADDER.rnpi"/>
  <File Type="NPI_FILE" Name="ARTY_ADDER.npi"/>
  <File Type="RBD_FILE" Name="ARTY_ADDER.rbd"/>
  <File Type="BITSTR-LTX" Name="debug_nets.ltx"/>
  <File Type="BITSTR-LTX" Name="ARTY_ADDER.ltx"/>
  <File Type="BITSTR-SYSDEF" Name="ARTY_ADDER.sysdef"/>
  <File Type="BG-BGN" Name="ARTY_ADDER.bgn"/>
  <File Type="BG-DRC" Name="ARTY_ADDER.drc"/>
  <File Type="RDI-RDI" Name="ARTY_ADDER.vdi"/>
  <File Type="WBT-USG" Name="usage_statistics_webtalk.html"/>
  <FileSet Name="sources" Type="DesignSrcs" RelSrcDir="$PSRCDIR/sources_1">
    <Filter Type="Srcs"/>
    <File Path="$PSRCDIR/sources_1/new/Adder4.vhd">
      <FileInfo>
        <Attr Name="UsedIn" Val="synthesis"/>
        <Attr Name="UsedIn" Val="simulation"/>
      </FileInfo>
    </File>
    <File Path="$PSRCDIR/sources_1/new/FullAdder.vhd">
      <FileInfo>
        <Attr Name="UsedIn" Val="synthesis"/>
        <Attr Name="UsedIn" Val="simulation"/>
      </FileInfo>
    </File>
    <File Path="$PSRCDIR/sources_1/new/ArtyAdder.vhd">
      <FileInfo>
        <Attr Name="UsedIn" Val="synthesis"/>
        <Attr Name="UsedIn" Val="simulation"/>
      </FileInfo>
    </File>
    <Config>
      <Option Name="DesignMode" Val="RTL"/>
      <Option Name="TopModule" Val="ARTY_ADDER"/>
      <Option Name="TopAutoSet" Val="TRUE"/>
    </Config>
  </FileSet>
  <FileSet Name="constrs_in" Type="Constrs" RelSrcDir="$PSRCDIR/constrs_1">
    <Filter Type="Constrs"/>
    <File Path="$PSRCDIR/constrs_1/new/Arty-A7-100.xdc">
      <FileInfo>
        <Attr Name="UsedIn" Val="synthesis"/>
        <Attr Name="UsedIn" Val="implementation"/>
      </FileInfo>
    </File>
    <Config>
      <Option Name="TargetConstrsFile" Val="$PSRCDIR/constrs_1/new/Arty-A7-100.xdc"/>
      <Option Name="ConstrsType" Val="XDC"/>
    </Config>
  </FileSet>
  <FileSet Name="utils" Type="Utils" RelSrcDir="$PSRCDIR/utils_1">
    <Filter Type="Utils"/>
    <Config>
      <Option Name="TopAutoSet" Val="TRUE"/>
    </Config>
  </FileSet>
  <Strategy Version="1" Minor="2">
    <StratHandle Name="Vivado Implementation Defaults" Flow="Vivado Implementation 2020">
      <Desc>Default settings for Implementation.</Desc>
    </StratHandle>
    <Step Id="init_design"/>
    <Step Id="opt_design"/>
    <Step Id="power_opt_design"/>
    <Step Id="place_design"/>
    <Step Id="post_place_power_opt_design"/>
    <Step Id="phys_opt_design"/>
    <Step Id="route_design"/>
    <Step Id="post_route_phys_opt_design"/>
    <Step Id="write_bitstream">
      <Option Id="BinFile">1</Option>
    </Step>
  </Strategy>
</GenRun>
